{"cameraMode":{"drawMode":0,"name":"Shaded","section":"Shading Mode"},"sceneLighting":true,"audioPlay":false,"sceneViewState":{"showFog":true,"showMaterialUpdate":true,"showSkybox":true,"showFlares":true,"showImageEffects":true,"showParticleSystems":true},"in2DMode":false,"pivot":{"x":-10.664179801940918,"y":5.23944091796875,"z":-12.740323066711426},"rotation":{"x":0.05749836191534996,"y":0.5762571692466736,"z":-0.0406935028731823,"w":0.8142279386520386},"size":0.09385514259338379,"orthographic":false}